Year,Age_Group,Gender,Smoking_Prevalence,Drug_Experimentation,Socioeconomic_Status,Peer_Influence,School_Programs,Family_Background,Mental_Health,Access_to_Counseling,Parental_Supervision,Substance_Education,Community_Support,Media_Influence
2024,15-19,Both,18.85,32.4,High,5,Yes,1,5,No,4,No,3,1
2024,10-14,Female,34.88,41.57,High,6,Yes,10,5,No,9,Yes,9,3
2023,10-14,Both,42.0,56.8,High,6,Yes,2,7,Yes,2,No,5,1
2024,40-49,Both,33.75,42.9,Middle,10,No,9,7,Yes,2,No,10,9
2023,15-19,Male,47.9,39.62,High,1,No,2,4,Yes,4,No,10,3
2022,70-79,Male,20.14,47.29,High,10,Yes,7,4,No,4,No,4,2
2021,30-39,Female,38.38,26.6,Low,4,No,7,1,Yes,2,No,4,10
2022,10-14,Female,7.87,54.67,Middle,5,Yes,9,2,No,4,No,4,2
2021,70-79,Both,11.61,63.65,Low,9,Yes,1,6,Yes,5,Yes,2,6
2020,60-69,Female,23.98,17.62,Low,2,No,3,6,Yes,5,Yes,9,9
2020,40-49,Male,42.85,66.66,High,5,No,5,3,No,9,No,2,10
2022,50-59,Both,48.72,11.41,High,2,No,8,3,Yes,10,No,10,4
2024,25-29,Male,37.71,19.46,Low,5,Yes,2,4,Yes,1,No,10,8
2022,60-69,Female,44.99,42.47,High,8,No,4,1,No,5,Yes,3,2
2020,15-19,Male,11.78,65.31,Low,9,No,1,10,No,2,Yes,9,1
2020,60-69,Male,41.94,62.21,Low,5,Yes,9,9,Yes,2,No,1,4
2023,30-39,Both,49.99,57.28,High,2,Yes,9,3,Yes,4,No,8,1
2024,15-19,Female,24.61,39.62,Middle,10,No,8,4,Yes,8,No,6,8
2021,30-39,Female,15.08,22.28,High,1,Yes,6,8,No,7,Yes,2,6
2021,15-19,Male,15.4,30.66,Low,3,Yes,7,5,No,5,Yes,9,7
2023,30-39,Both,15.17,45.36,Low,6,Yes,4,3,No,10,Yes,4,6
2022,70-79,Male,10.49,50.57,Middle,6,Yes,9,2,No,2,Yes,7,8
2021,25-29,Female,9.95,67.8,High,3,Yes,4,7,Yes,6,No,5,3
2020,60-69,Male,26.59,14.25,High,2,Yes,3,6,No,10,No,3,5
2022,15-19,Male,18.41,15.59,Middle,7,No,3,9,Yes,6,No,8,4
2023,15-19,Female,46.0,32.2,High,1,No,7,1,Yes,3,No,5,10
2020,10-14,Both,14.8,69.46,Middle,3,No,6,10,Yes,8,No,8,8
2022,60-69,Male,12.27,18.92,Middle,9,Yes,7,10,Yes,6,Yes,1,10
2023,80+,Male,6.51,10.85,Middle,6,Yes,5,10,Yes,9,Yes,5,6
2020,50-59,Both,13.23,11.52,Low,6,Yes,3,10,No,2,Yes,3,8
2020,15-19,Female,20.62,28.8,High,1,No,2,8,Yes,7,No,10,1
2021,20-24,Female,9.39,46.57,Middle,7,No,6,10,No,6,Yes,4,6
2022,80+,Male,6.33,37.3,High,2,Yes,9,10,Yes,1,No,6,5
2024,15-19,Female,8.06,45.28,Middle,8,Yes,3,5,No,2,No,5,1
2021,30-39,Male,15.13,38.45,Middle,1,Yes,1,8,Yes,3,No,10,1
2022,70-79,Male,39.8,18.49,High,7,Yes,3,6,No,5,Yes,9,3
2021,25-29,Both,15.37,45.38,Low,10,No,9,2,Yes,10,No,4,2
2020,50-59,Female,7.66,36.97,High,9,Yes,4,10,Yes,3,Yes,10,9
2020,70-79,Male,13.45,25.54,Low,10,Yes,4,5,No,2,Yes,1,7
2023,30-39,Both,8.76,47.3,Low,3,No,4,3,No,10,Yes,9,10
2024,50-59,Both,35.27,20.63,High,10,Yes,2,6,No,3,No,4,5
2023,15-19,Both,36.0,27.09,Low,8,Yes,8,4,No,3,No,7,2
2020,60-69,Both,12.38,28.62,High,7,No,8,10,No,7,No,10,1
2023,40-49,Female,13.36,55.96,High,4,Yes,8,5,No,9,No,7,10
2020,50-59,Female,25.47,53.1,Middle,7,No,6,1,Yes,6,No,7,2
2020,30-39,Female,9.6,61.01,Middle,1,Yes,9,2,Yes,5,Yes,7,8
2022,25-29,Male,36.69,57.83,Low,4,Yes,2,5,No,4,No,3,5
2024,40-49,Female,10.73,59.82,Low,2,Yes,3,6,Yes,1,Yes,7,5
2022,20-24,Male,45.06,53.97,Middle,1,No,1,1,No,2,Yes,5,2
2023,80+,Male,12.05,47.01,Low,2,No,6,8,No,8,Yes,10,6
2024,50-59,Female,33.37,15.45,Low,4,No,4,2,No,1,Yes,3,7
2022,30-39,Female,21.8,23.79,Middle,5,Yes,5,2,Yes,7,No,6,9
2023,60-69,Both,36.28,59.03,Middle,3,Yes,7,8,Yes,1,No,5,2
2023,50-59,Male,15.83,65.4,Low,5,Yes,4,5,No,4,Yes,5,2
2023,10-14,Both,11.23,48.93,Middle,2,Yes,9,2,No,5,Yes,8,8
2023,50-59,Female,6.95,11.01,High,8,Yes,7,1,Yes,7,No,8,4
2020,80+,Both,41.45,57.14,Low,1,No,10,2,Yes,8,Yes,5,9
2023,30-39,Female,41.62,35.57,Low,1,No,4,7,No,7,No,7,8
2023,25-29,Both,23.38,64.3,Low,9,No,4,5,Yes,3,No,5,5
2023,60-69,Male,34.51,30.55,High,2,No,4,2,Yes,5,No,5,6
2022,20-24,Both,37.54,20.89,High,5,No,7,9,No,9,No,2,4
2024,10-14,Male,47.78,26.48,High,3,Yes,2,10,Yes,9,No,2,9
2020,20-24,Male,40.66,36.24,Low,10,No,7,5,Yes,10,Yes,10,7
2024,70-79,Female,28.48,36.64,High,10,Yes,9,8,No,2,Yes,6,8
2020,60-69,Both,27.83,64.58,High,3,Yes,2,6,Yes,4,No,3,6
2022,30-39,Male,41.06,47.32,Low,3,No,1,9,Yes,2,Yes,8,3
2020,60-69,Both,24.76,65.08,Middle,9,No,2,1,Yes,6,No,2,7
2020,30-39,Both,49.06,48.66,Low,8,No,5,10,No,3,Yes,6,3
2021,40-49,Male,49.26,22.41,Low,10,No,8,10,No,8,No,2,1
2024,40-49,Both,18.18,17.11,High,1,No,3,9,No,9,No,8,1
2021,70-79,Both,42.52,58.85,High,2,Yes,8,8,Yes,1,No,2,9
2022,80+,Male,7.88,45.21,Low,10,Yes,10,2,No,5,Yes,9,7
2021,80+,Female,39.94,45.3,High,3,Yes,7,2,No,4,Yes,7,6
2021,70-79,Both,42.92,10.21,High,9,Yes,6,7,Yes,2,Yes,4,10
2023,20-24,Both,8.21,15.7,Middle,3,Yes,4,1,Yes,8,No,1,2
2024,25-29,Both,18.59,65.63,Middle,2,Yes,3,6,No,6,No,2,6
2024,60-69,Male,45.99,51.65,High,1,No,10,6,Yes,8,No,5,3
2021,15-19,Female,6.73,54.86,Middle,2,Yes,7,5,No,2,No,9,5
2020,50-59,Both,7.44,33.54,Low,5,Yes,2,1,Yes,3,Yes,1,8
2020,40-49,Male,7.0,12.62,Low,7,No,10,3,Yes,7,Yes,1,4
2024,20-24,Female,17.7,45.11,Middle,9,Yes,5,1,No,4,No,3,10
2023,15-19,Female,42.42,12.38,Middle,10,Yes,10,10,Yes,4,Yes,7,5
2024,30-39,Both,28.85,28.35,Middle,1,Yes,6,10,No,6,Yes,8,10
2021,60-69,Both,10.55,36.15,Low,5,No,1,8,No,9,No,9,7
2023,30-39,Both,22.5,40.5,Middle,9,Yes,7,9,Yes,1,Yes,3,10
2022,70-79,Male,27.48,50.25,Low,1,No,1,7,Yes,5,No,5,7
2024,40-49,Both,6.63,18.05,High,2,Yes,3,2,No,7,No,9,6
2021,25-29,Male,8.28,19.4,Middle,6,Yes,9,6,No,7,Yes,2,1
2020,60-69,Male,8.92,32.42,High,3,No,8,4,Yes,9,Yes,7,4
2023,30-39,Male,29.57,69.28,Low,4,Yes,5,10,Yes,6,Yes,10,4
2023,20-24,Female,15.77,43.93,High,3,No,5,5,No,5,Yes,7,7
2023,30-39,Female,24.09,33.43,High,2,No,7,6,Yes,4,No,6,2
2020,15-19,Male,29.15,22.8,Middle,5,No,7,2,Yes,1,No,10,10
2022,30-39,Male,10.43,16.0,High,10,Yes,9,10,No,5,Yes,7,10
2020,25-29,Both,37.58,45.34,High,3,No,9,6,Yes,1,No,8,1
2021,20-24,Both,10.88,46.54,Middle,5,No,9,10,No,6,Yes,3,1
2020,30-39,Male,12.01,26.45,Middle,1,No,3,1,Yes,4,Yes,8,5
2024,25-29,Female,45.51,14.16,Low,5,Yes,9,9,No,6,Yes,6,5
2020,15-19,Both,7.86,39.07,High,6,Yes,3,6,Yes,4,No,2,9
2021,30-39,Male,9.52,49.18,Low,8,No,4,8,No,10,Yes,10,5
2021,50-59,Both,10.22,28.96,Middle,6,Yes,1,7,No,3,Yes,6,9
2023,80+,Both,32.56,49.41,Low,1,No,2,6,No,1,No,3,7
2020,10-14,Both,7.17,53.14,Middle,8,No,3,1,Yes,6,No,4,5
2024,60-69,Female,41.12,60.84,High,8,Yes,9,9,Yes,10,No,2,6
2021,25-29,Both,32.85,13.89,Middle,9,Yes,3,6,Yes,10,Yes,6,3
2023,40-49,Female,26.36,42.03,Low,1,No,6,10,No,10,No,9,7
2024,10-14,Both,40.36,65.09,Low,4,Yes,4,4,Yes,10,No,4,10
2020,80+,Both,21.61,65.06,Middle,5,No,4,4,No,8,Yes,2,3
2024,80+,Female,15.67,25.33,Middle,1,Yes,5,5,No,2,Yes,9,6
2020,70-79,Male,28.76,41.96,Low,1,No,10,9,No,5,No,2,7
2024,40-49,Both,8.88,47.16,Low,9,Yes,5,4,No,5,Yes,2,6
2021,80+,Female,24.49,62.62,High,3,Yes,3,1,No,9,Yes,10,2
2023,10-14,Male,14.23,36.93,Middle,9,Yes,5,5,Yes,2,No,4,4
2021,25-29,Both,33.14,13.09,Low,7,No,4,1,No,1,Yes,10,1
2021,70-79,Both,38.16,38.74,Middle,4,No,10,3,No,1,No,7,8
2022,15-19,Both,42.71,69.71,Low,9,Yes,4,7,Yes,2,No,4,6
2023,15-19,Male,9.67,37.92,High,3,Yes,2,4,No,7,No,3,1
2024,25-29,Male,32.76,59.81,Middle,4,No,6,5,Yes,10,Yes,4,4
2021,40-49,Female,39.96,62.14,Low,6,Yes,4,6,No,6,No,6,8
2021,50-59,Female,24.99,54.11,Middle,3,Yes,3,5,No,9,Yes,10,3
2021,30-39,Male,9.79,18.35,Low,1,Yes,7,5,Yes,10,No,7,8
2021,20-24,Female,23.41,37.84,Low,9,Yes,4,10,No,9,No,6,7
2023,20-24,Male,20.87,28.02,Low,3,No,1,5,No,1,Yes,9,3
2021,25-29,Male,44.17,65.13,Middle,4,Yes,3,2,No,5,Yes,10,9
2021,40-49,Female,5.4,38.27,Middle,10,Yes,9,3,No,9,Yes,6,6
2024,60-69,Male,40.16,40.9,Low,3,No,10,10,Yes,4,No,4,6
2023,70-79,Female,33.43,37.55,High,7,No,3,9,Yes,2,Yes,9,9
2023,20-24,Both,12.79,28.12,Middle,4,No,7,2,No,10,Yes,6,5
2022,10-14,Both,13.01,39.62,Low,8,No,9,10,Yes,9,Yes,5,7
2022,50-59,Male,23.85,67.88,Middle,9,Yes,6,6,Yes,10,No,4,1
2020,60-69,Male,35.52,13.41,Middle,9,No,9,3,Yes,1,No,5,4
2023,50-59,Female,22.63,66.68,High,6,No,4,7,Yes,9,Yes,6,9
2020,70-79,Male,41.8,30.25,Middle,3,No,4,1,Yes,6,Yes,6,3
2020,20-24,Both,10.72,46.91,Middle,3,Yes,1,9,No,5,No,5,10
2021,15-19,Female,32.36,62.76,Low,6,Yes,9,10,No,9,Yes,3,9
2023,20-24,Both,37.55,34.05,Middle,10,Yes,10,6,No,2,No,6,3
2023,70-79,Female,30.41,17.69,Low,6,No,4,9,Yes,2,Yes,1,1
2024,70-79,Both,24.16,31.23,Low,7,No,9,9,No,8,No,9,6
2021,15-19,Female,12.98,10.37,Middle,5,Yes,1,2,Yes,2,No,7,6
2022,80+,Male,24.26,49.94,Middle,9,No,10,7,No,10,Yes,1,3
2023,25-29,Both,7.52,19.2,Middle,7,No,6,5,No,5,Yes,5,9
2023,15-19,Both,25.23,28.76,Low,3,No,1,5,Yes,2,No,5,7
2024,50-59,Female,48.9,54.78,Low,5,Yes,1,6,No,7,Yes,4,7
2022,80+,Both,19.36,54.07,High,8,Yes,6,4,Yes,2,Yes,9,8
2023,30-39,Female,20.98,52.55,Middle,2,No,10,2,No,8,No,3,10
2021,60-69,Both,13.44,31.25,Middle,4,Yes,8,6,Yes,5,No,5,8
2023,60-69,Both,26.33,69.59,High,9,No,4,4,Yes,6,Yes,7,7
2021,60-69,Male,5.0,60.11,Middle,6,Yes,9,1,Yes,7,Yes,6,3
2023,70-79,Both,33.73,33.11,High,4,No,5,6,No,7,No,1,9
2020,15-19,Female,40.07,41.38,Middle,3,Yes,4,3,No,8,No,5,6
2024,60-69,Male,37.05,26.24,Low,2,No,5,3,Yes,8,No,8,9
2020,30-39,Female,27.73,11.43,Middle,10,No,8,7,Yes,1,Yes,9,1
2024,60-69,Both,11.89,36.74,Low,7,Yes,8,3,Yes,8,Yes,2,6
2022,40-49,Male,45.77,17.88,Low,5,Yes,3,9,Yes,7,Yes,3,3
2021,80+,Female,30.62,42.89,Middle,10,Yes,7,8,Yes,8,No,5,9
2022,15-19,Female,9.28,42.96,High,7,No,5,9,Yes,4,No,6,2
2022,20-24,Both,28.98,10.47,Middle,2,Yes,6,5,No,3,No,4,2
2022,20-24,Both,17.36,14.93,Low,10,No,1,6,No,7,Yes,2,2
2023,70-79,Male,9.4,16.24,Middle,6,No,4,2,Yes,6,No,8,10
2020,80+,Both,45.64,46.73,Low,7,Yes,3,5,No,10,No,4,5
2022,10-14,Male,46.06,36.94,High,10,Yes,8,9,Yes,8,Yes,8,2
2022,15-19,Female,20.03,37.61,Low,3,No,2,2,Yes,8,Yes,4,7
2024,80+,Female,47.67,54.46,Low,6,No,4,9,No,10,Yes,7,10
2020,40-49,Male,18.58,38.8,Low,8,Yes,5,3,Yes,4,No,8,1
2022,20-24,Male,42.73,18.6,Middle,10,No,3,8,Yes,10,Yes,3,9
2021,80+,Both,22.31,43.36,High,6,No,9,5,Yes,9,Yes,1,1
2021,30-39,Both,27.44,43.81,Middle,1,Yes,2,9,Yes,6,Yes,10,7
2023,70-79,Female,25.54,54.68,Middle,9,Yes,6,8,No,2,Yes,5,1
2023,30-39,Both,39.99,13.29,High,8,Yes,5,6,No,9,No,1,5
2023,50-59,Female,22.14,33.13,Middle,3,Yes,4,10,No,8,Yes,10,7
2023,25-29,Both,47.91,19.91,High,6,No,9,7,Yes,2,Yes,3,7
2023,25-29,Female,31.01,54.61,Low,8,No,4,2,Yes,9,Yes,1,2
2024,25-29,Female,47.46,23.96,Low,2,No,4,8,Yes,10,No,2,2
2022,60-69,Female,18.88,53.46,Low,10,Yes,10,7,Yes,3,No,1,9
2020,15-19,Female,48.4,24.73,High,8,No,10,10,No,6,Yes,8,5
2024,80+,Male,16.5,25.79,Middle,1,Yes,8,2,No,7,No,8,10
2024,60-69,Both,35.29,19.57,Low,9,Yes,3,8,Yes,10,No,4,5
2023,60-69,Both,49.78,11.12,High,9,No,3,3,No,9,No,1,5
2021,40-49,Both,48.08,19.88,Low,3,No,2,9,Yes,4,No,7,6
2023,80+,Both,10.47,18.35,Middle,9,Yes,7,7,No,7,No,4,9
2023,10-14,Male,44.49,68.47,Low,6,No,7,8,No,3,No,9,8
2021,30-39,Female,46.26,24.07,Low,6,No,4,10,No,5,No,1,4
2020,15-19,Female,34.16,21.63,Low,10,Yes,8,1,No,3,Yes,4,4
2020,25-29,Female,32.35,51.69,Middle,3,Yes,9,6,Yes,10,Yes,9,5
2022,70-79,Female,26.91,25.47,Middle,4,No,6,6,Yes,9,No,5,9
2023,20-24,Both,32.89,15.28,High,9,Yes,9,7,Yes,7,Yes,4,3
2020,25-29,Male,28.04,66.42,High,6,Yes,3,2,No,3,Yes,3,1
2021,60-69,Female,21.86,11.57,High,2,Yes,4,5,Yes,2,Yes,4,7
2024,15-19,Both,18.24,68.96,High,10,Yes,7,4,No,2,Yes,2,9
2020,10-14,Both,15.46,50.41,Middle,6,No,3,1,Yes,5,Yes,2,1
2024,60-69,Both,36.21,59.16,Low,3,No,7,4,Yes,9,No,10,8
2022,60-69,Male,6.51,16.46,High,8,No,4,7,Yes,10,No,5,10
2020,60-69,Male,13.65,18.04,Low,4,No,9,7,No,6,Yes,6,9
2021,70-79,Female,15.6,63.29,Middle,8,No,2,7,Yes,7,Yes,1,6
2022,20-24,Male,44.07,57.46,High,9,Yes,8,8,Yes,10,No,6,4
2023,60-69,Both,19.57,66.09,Middle,10,Yes,8,1,No,6,No,1,8
2021,60-69,Female,17.6,34.42,High,3,Yes,3,1,Yes,4,Yes,2,5
2024,70-79,Female,48.84,64.49,Low,7,No,6,6,No,10,No,8,8
2023,70-79,Both,21.69,39.35,High,7,Yes,4,3,No,9,No,8,2
2023,20-24,Both,37.54,63.22,Middle,7,No,5,1,Yes,2,Yes,1,4
2022,15-19,Male,38.7,53.72,High,3,Yes,5,2,No,10,No,1,8
2022,15-19,Both,15.69,55.69,Low,4,Yes,9,5,Yes,1,No,8,9
2020,70-79,Both,17.35,42.58,High,1,Yes,7,5,No,4,Yes,1,1
2023,10-14,Female,16.49,34.43,High,7,Yes,7,8,Yes,6,No,7,2
2021,25-29,Both,12.68,56.99,Low,3,Yes,9,1,Yes,3,No,9,6
2020,50-59,Female,45.09,11.87,High,3,Yes,9,7,No,2,No,2,3
2021,10-14,Both,37.41,22.99,Middle,3,Yes,5,10,Yes,6,No,1,8
2023,25-29,Female,21.29,13.79,Middle,10,Yes,1,4,No,5,Yes,1,10
2023,30-39,Both,9.07,38.43,High,10,Yes,9,4,No,3,Yes,3,10
2024,40-49,Female,27.42,43.97,Middle,6,Yes,9,3,No,4,Yes,10,7
2021,40-49,Female,47.67,62.45,Middle,1,Yes,8,7,Yes,5,Yes,4,2
2021,80+,Both,32.4,69.21,Low,6,Yes,8,4,Yes,6,Yes,3,8
2022,50-59,Male,43.3,69.03,Middle,3,No,10,2,No,6,Yes,9,3
2024,50-59,Male,46.43,48.61,Middle,5,Yes,3,10,Yes,1,Yes,6,4
2022,40-49,Male,12.31,66.84,Middle,7,No,1,7,Yes,3,Yes,9,2
2024,10-14,Male,42.32,53.23,Middle,9,No,1,1,No,9,Yes,1,6
2023,70-79,Male,43.42,24.05,Low,7,No,8,1,No,6,Yes,7,7
2023,25-29,Female,12.84,62.05,High,1,No,4,8,Yes,5,No,9,4
2024,50-59,Female,40.06,25.7,Low,2,No,5,7,No,4,Yes,6,8
2021,30-39,Male,10.73,62.46,Middle,9,No,3,4,Yes,7,Yes,1,9
2024,40-49,Both,36.57,23.75,Low,5,Yes,2,7,Yes,7,Yes,2,8
2023,20-24,Male,47.1,42.39,Middle,10,No,6,2,Yes,5,Yes,4,9
2021,25-29,Female,8.95,29.03,High,8,No,3,4,No,2,Yes,7,3
2022,40-49,Female,23.4,62.19,Low,4,No,2,5,Yes,4,No,2,6
2023,10-14,Female,21.58,47.48,Middle,8,Yes,10,9,Yes,5,Yes,10,5
2020,70-79,Female,42.04,53.8,Middle,10,Yes,2,6,Yes,3,No,3,5
2024,50-59,Both,44.06,59.42,High,7,No,2,3,No,8,No,8,8
2022,15-19,Both,10.37,56.98,Low,7,Yes,5,1,No,5,Yes,6,5
2020,20-24,Both,41.89,23.7,Low,1,Yes,10,4,No,10,Yes,3,9
2024,25-29,Both,15.9,67.05,High,1,No,6,7,No,7,No,7,4
2020,60-69,Male,42.47,61.03,Middle,3,Yes,9,1,No,3,Yes,3,3
2024,30-39,Female,25.49,35.81,Middle,3,No,8,1,No,1,Yes,9,7
2024,20-24,Both,11.59,25.03,Middle,4,Yes,10,7,Yes,1,Yes,3,4
2024,10-14,Male,37.64,35.53,Low,3,No,6,6,No,2,No,7,2
2024,40-49,Both,41.33,27.78,High,9,Yes,7,4,Yes,8,Yes,7,9
2022,20-24,Both,31.46,25.53,Low,5,Yes,6,7,Yes,5,No,4,10
2024,15-19,Both,33.59,47.62,Low,2,Yes,3,6,No,8,Yes,1,7
2021,15-19,Both,20.13,43.78,Middle,9,Yes,9,2,Yes,9,Yes,3,4
2021,80+,Both,42.36,25.81,High,8,Yes,7,1,No,8,Yes,6,1
2022,80+,Female,23.57,40.05,Low,8,Yes,2,2,No,3,No,6,1
2022,20-24,Both,17.64,49.97,Middle,8,Yes,1,10,No,2,No,2,3
2022,30-39,Male,46.46,51.51,High,1,No,3,2,No,1,Yes,1,6
2024,10-14,Female,46.95,20.51,High,2,Yes,5,4,Yes,8,No,3,9
2023,70-79,Male,44.26,60.47,High,5,Yes,9,9,Yes,3,Yes,10,9
2022,15-19,Both,6.4,58.93,Low,5,Yes,8,8,No,10,Yes,4,4
2024,60-69,Both,28.27,10.7,Middle,4,Yes,2,9,Yes,6,No,9,5
2023,60-69,Female,47.73,28.02,Low,4,No,9,6,Yes,7,Yes,2,8
2024,80+,Both,36.47,24.21,High,5,No,3,8,No,7,Yes,5,2
2023,25-29,Male,9.08,27.69,High,2,Yes,8,6,No,9,No,2,2
2024,50-59,Both,28.23,11.85,Low,5,No,6,8,Yes,2,Yes,10,2
2020,25-29,Both,23.25,40.68,Middle,3,Yes,1,2,No,8,No,9,7
2023,30-39,Male,10.23,45.32,High,2,Yes,5,5,Yes,8,No,3,9
2024,50-59,Both,27.5,27.31,Low,3,No,8,3,Yes,1,No,1,6
2021,40-49,Both,36.14,66.72,Low,4,No,9,8,Yes,5,Yes,5,4
2023,30-39,Female,25.42,57.8,Middle,9,Yes,4,3,Yes,1,Yes,9,5
2020,25-29,Female,14.17,11.3,Middle,6,Yes,1,5,No,3,No,10,1
2021,15-19,Male,23.74,30.15,Low,1,Yes,1,6,No,7,Yes,3,3
2023,70-79,Female,46.31,22.28,High,10,No,5,2,Yes,9,Yes,1,3
2023,10-14,Female,35.42,22.07,Low,5,No,2,9,Yes,5,No,7,5
2020,15-19,Female,16.26,60.73,Middle,5,Yes,10,3,No,5,Yes,7,5
2021,60-69,Male,20.16,30.6,Low,9,No,10,7,Yes,3,Yes,9,7
2021,70-79,Male,49.36,43.08,Low,3,Yes,10,1,No,8,Yes,7,5
2020,50-59,Both,30.36,37.09,Low,1,Yes,8,7,Yes,3,Yes,2,10
2021,25-29,Both,13.11,55.6,High,5,Yes,7,6,No,3,Yes,4,6
2021,70-79,Both,7.01,10.42,Middle,1,No,6,6,Yes,8,Yes,6,7
2022,40-49,Female,18.35,56.88,Low,6,No,2,4,No,6,No,7,6
2024,15-19,Male,36.4,19.54,High,6,Yes,2,6,Yes,10,Yes,4,4
2023,10-14,Male,27.02,64.15,Low,5,Yes,9,7,Yes,7,No,8,10
2021,60-69,Male,30.73,31.8,High,7,No,2,7,Yes,3,Yes,5,9
2024,80+,Male,17.21,54.42,Low,7,Yes,9,2,Yes,9,Yes,2,3
2024,60-69,Female,16.44,50.91,High,7,No,10,4,No,3,No,6,8
2023,70-79,Male,12.15,33.12,Middle,6,Yes,10,2,Yes,6,Yes,10,9
2024,60-69,Female,9.47,48.49,Middle,3,Yes,3,3,No,10,Yes,1,5
2020,25-29,Both,21.66,31.01,High,10,No,1,7,Yes,8,Yes,5,5
2023,15-19,Female,43.12,10.08,High,5,No,3,1,No,6,Yes,7,4
2023,50-59,Male,7.43,33.45,High,8,Yes,10,9,No,5,Yes,10,2
2021,40-49,Both,31.63,40.27,Middle,10,Yes,10,5,Yes,10,No,7,2
2022,20-24,Male,47.7,22.01,Middle,1,No,10,1,No,9,Yes,8,4
2023,30-39,Male,35.5,17.82,Low,6,Yes,10,4,Yes,1,Yes,2,9
2020,80+,Female,44.77,31.57,Low,2,Yes,3,7,No,4,No,2,1
2021,40-49,Male,30.77,36.26,High,5,Yes,2,2,No,1,No,9,4
2021,60-69,Female,13.56,69.24,High,5,No,4,6,No,1,Yes,9,3
2022,80+,Male,35.73,30.68,Low,3,Yes,3,4,Yes,9,No,9,9
2024,20-24,Male,39.21,23.56,Middle,8,Yes,5,1,No,10,Yes,1,8
2023,70-79,Both,42.69,63.01,Low,1,No,10,6,Yes,4,Yes,2,6
2023,25-29,Both,27.92,44.08,High,3,Yes,2,2,Yes,5,Yes,3,1
2024,20-24,Male,46.55,48.27,Middle,2,No,10,1,No,4,Yes,8,10
2023,70-79,Male,13.61,64.12,Middle,7,No,3,9,No,1,No,1,10
2023,40-49,Both,43.62,22.4,Middle,10,No,2,4,Yes,9,No,1,7
2024,40-49,Male,5.8,47.73,High,3,No,3,4,No,5,Yes,5,7
2024,15-19,Female,37.67,25.38,Low,10,No,9,2,Yes,10,Yes,5,5
2020,50-59,Male,18.24,10.07,Low,2,Yes,4,2,No,10,No,8,2
2020,40-49,Female,38.12,52.6,High,10,No,6,10,Yes,9,No,9,5
2020,10-14,Both,26.52,29.79,Low,2,Yes,5,5,No,4,Yes,4,2
2020,15-19,Male,14.93,45.02,Middle,4,No,6,5,Yes,4,No,1,3
2024,20-24,Male,37.98,17.58,Low,1,No,2,1,No,7,Yes,4,2
2021,40-49,Male,9.58,13.31,Low,1,Yes,1,5,Yes,9,Yes,6,9
2022,30-39,Both,38.81,66.79,Low,7,No,2,9,No,9,Yes,4,5
2020,60-69,Both,27.09,23.12,High,8,No,1,5,Yes,10,No,1,2
2022,80+,Male,35.1,36.97,Low,3,No,9,5,No,8,Yes,1,7
2020,80+,Male,15.85,66.74,High,3,No,1,2,No,6,No,2,6
2022,25-29,Male,11.04,54.97,Low,4,No,6,8,No,7,Yes,9,2
2024,25-29,Male,33.11,35.66,Middle,3,No,7,8,Yes,3,No,1,7
2024,50-59,Female,17.78,50.79,Low,8,Yes,3,4,Yes,4,Yes,3,9
2020,15-19,Male,20.29,41.93,Middle,5,No,8,6,Yes,8,No,4,8
2024,80+,Both,49.42,38.21,High,1,No,2,10,Yes,8,Yes,1,1
2022,15-19,Male,23.34,61.88,Low,1,Yes,5,7,No,7,No,7,3
2022,80+,Both,43.33,35.73,High,9,No,3,3,No,7,No,9,4
2022,25-29,Both,37.28,57.75,Low,3,Yes,1,4,Yes,9,Yes,6,1
2022,50-59,Male,8.86,54.8,High,4,No,3,6,No,7,Yes,6,3
2021,25-29,Female,38.44,20.96,High,8,No,6,2,No,5,Yes,4,1
2021,80+,Male,44.22,18.0,Middle,10,No,5,1,No,6,Yes,5,4
2021,80+,Both,29.89,58.65,Middle,1,Yes,1,10,No,8,No,9,9
2020,20-24,Both,44.87,66.02,Middle,10,Yes,7,5,No,8,No,8,5
2021,50-59,Male,18.09,28.22,Middle,10,No,10,2,No,7,Yes,9,4
2022,15-19,Both,15.61,16.48,Low,8,No,9,3,No,6,Yes,8,7
2020,15-19,Both,43.68,11.0,Middle,6,No,6,5,No,1,No,2,7
2022,80+,Male,11.1,46.57,High,4,Yes,4,7,No,3,No,4,4
2020,80+,Male,25.58,12.78,Low,1,Yes,2,10,Yes,8,No,4,8
2020,10-14,Both,12.25,13.93,Middle,10,No,3,2,No,6,Yes,5,4
2024,15-19,Female,19.95,45.71,Low,10,Yes,6,8,No,6,No,1,3
2020,70-79,Male,41.9,65.59,Middle,4,No,10,5,Yes,1,No,5,7
2021,10-14,Both,27.2,18.45,Middle,9,No,2,2,Yes,10,No,8,4
2023,15-19,Male,19.8,10.52,Low,5,Yes,5,10,Yes,2,No,4,3
2022,40-49,Male,11.1,47.17,Middle,7,No,4,5,Yes,9,Yes,3,5
2021,50-59,Female,28.92,46.39,Middle,7,Yes,2,7,Yes,2,No,4,5
2024,50-59,Both,34.4,32.16,Low,2,Yes,2,5,Yes,7,No,7,6
2021,10-14,Male,41.98,29.75,Low,8,No,6,3,No,7,No,5,2
2022,15-19,Female,23.24,64.76,Low,1,No,1,3,No,6,Yes,10,3
2023,20-24,Both,43.48,10.29,Low,3,Yes,6,9,No,7,Yes,4,3
2022,60-69,Female,23.3,38.17,Middle,2,Yes,10,3,Yes,10,Yes,8,10
2023,80+,Male,15.12,67.42,Low,6,No,3,7,Yes,8,No,1,5
2022,25-29,Male,26.38,16.28,Low,1,No,5,7,No,6,No,6,5
2020,15-19,Both,38.89,43.5,Middle,8,No,8,5,Yes,6,No,2,2
2023,40-49,Female,37.22,41.54,High,2,Yes,10,3,No,7,Yes,8,10
2022,80+,Male,26.3,40.28,High,8,No,6,4,Yes,7,Yes,6,4
2023,25-29,Male,47.33,59.92,High,5,Yes,6,5,Yes,3,No,8,7
2022,60-69,Both,29.49,41.58,Middle,9,No,1,8,Yes,9,No,6,4
2023,30-39,Male,38.21,60.14,Low,2,No,4,3,No,5,No,6,10
2022,60-69,Male,30.09,58.77,Low,7,Yes,3,4,Yes,2,No,4,7
2020,30-39,Both,23.97,53.77,High,9,No,3,6,Yes,3,No,8,3
2022,25-29,Male,20.55,45.75,Low,3,Yes,2,1,Yes,6,No,10,8
2023,15-19,Male,6.1,59.69,Low,6,Yes,7,8,Yes,4,Yes,4,10
2023,25-29,Female,33.05,28.72,Middle,10,Yes,7,9,Yes,2,No,1,3
2024,80+,Female,6.16,50.85,High,10,No,10,6,Yes,8,No,7,3
2022,60-69,Female,44.18,22.5,Middle,1,Yes,9,9,No,2,Yes,9,2
2022,70-79,Male,26.52,11.28,Middle,3,No,6,5,Yes,9,No,1,4
2023,60-69,Female,19.48,19.59,High,5,No,7,8,No,8,No,8,3
2024,70-79,Male,28.55,65.15,Low,9,Yes,7,1,Yes,10,Yes,4,4
2020,70-79,Both,40.91,47.37,Low,3,No,6,3,Yes,4,Yes,3,6
2021,25-29,Female,18.92,33.42,Low,4,Yes,5,2,No,7,No,3,9
2023,60-69,Male,37.05,36.56,Low,2,Yes,1,3,No,5,Yes,10,8
2024,30-39,Female,48.56,56.16,Middle,5,Yes,9,1,No,7,No,6,2
2022,15-19,Female,14.46,38.84,Low,3,Yes,4,1,Yes,8,Yes,5,5
2024,60-69,Female,19.32,26.5,Low,9,Yes,2,9,Yes,2,No,7,6
2021,70-79,Both,27.47,58.78,Low,5,Yes,1,1,Yes,4,No,5,5
2021,80+,Male,10.66,21.58,High,6,No,10,5,Yes,2,Yes,2,9
2023,60-69,Female,11.71,36.93,Middle,3,No,4,3,Yes,7,No,4,9
2024,40-49,Both,43.7,57.79,Middle,1,No,1,7,No,4,Yes,4,6
2022,50-59,Male,17.71,46.41,Low,2,No,3,10,Yes,8,No,2,2
2020,60-69,Male,9.92,22.38,Low,2,No,5,6,No,8,Yes,9,8
2024,25-29,Both,31.52,62.32,Middle,10,Yes,5,6,Yes,10,No,4,8
2021,25-29,Both,35.36,59.71,High,5,Yes,3,4,No,8,Yes,8,5
2023,50-59,Female,12.98,24.1,High,8,No,7,8,No,8,Yes,5,2
2021,40-49,Male,6.33,11.46,High,9,No,8,8,Yes,4,No,2,3
2022,40-49,Female,47.6,46.61,High,8,No,6,8,No,8,Yes,6,1
2023,60-69,Both,42.98,33.52,Low,6,Yes,5,6,Yes,5,No,3,7
2024,40-49,Both,17.1,17.83,Low,5,No,7,5,Yes,6,No,8,2
2022,60-69,Male,44.96,30.38,Low,9,Yes,4,3,No,3,No,5,10
2022,30-39,Both,10.66,27.34,High,3,Yes,5,2,Yes,4,No,3,2
2022,30-39,Female,24.82,60.52,High,5,No,7,9,No,8,No,9,3
2024,60-69,Male,14.81,40.72,Low,3,Yes,9,7,Yes,2,Yes,10,5
2024,20-24,Both,9.64,41.54,Low,5,Yes,7,2,Yes,10,No,3,4
2024,50-59,Male,29.27,46.58,High,2,No,9,3,No,1,Yes,2,9
2023,60-69,Male,45.69,16.4,High,1,Yes,7,10,Yes,9,Yes,9,2
2020,40-49,Female,38.78,35.27,High,3,No,5,5,No,7,Yes,4,8
2020,60-69,Female,10.78,49.89,Low,3,Yes,3,5,Yes,3,Yes,10,2
2023,10-14,Both,39.94,13.85,Middle,5,Yes,2,3,No,1,No,4,3
2023,15-19,Male,23.66,10.7,Low,7,Yes,4,10,Yes,8,Yes,9,1
2024,20-24,Female,6.0,12.22,High,8,No,7,8,Yes,8,No,1,3
2021,40-49,Male,12.29,25.11,High,8,No,2,2,Yes,5,Yes,10,4
2021,50-59,Female,16.62,68.37,Middle,5,No,7,4,Yes,5,No,1,8
2024,80+,Male,19.59,26.32,Middle,6,Yes,1,5,Yes,5,Yes,9,5
2020,60-69,Female,9.42,64.99,High,10,No,1,5,No,5,No,1,10
2021,80+,Male,24.91,37.11,Middle,3,No,7,10,Yes,8,No,3,1
2023,20-24,Both,41.68,58.48,High,10,No,2,6,Yes,3,Yes,5,6
2023,10-14,Female,41.92,65.24,High,1,Yes,7,2,Yes,9,Yes,2,7
2022,80+,Both,33.26,20.58,High,5,Yes,3,8,Yes,3,Yes,2,3
2022,70-79,Male,37.31,29.82,Low,6,No,9,8,No,1,Yes,10,7
2023,50-59,Female,10.39,33.21,Middle,1,Yes,3,2,Yes,2,No,7,1
2024,60-69,Female,11.99,17.02,Middle,5,Yes,2,10,Yes,5,No,10,5
2023,70-79,Both,24.51,11.28,High,7,No,3,5,Yes,1,No,10,8
2020,25-29,Female,36.47,25.8,Low,3,Yes,1,9,No,10,Yes,8,4
2022,20-24,Female,27.14,15.59,Low,3,Yes,1,4,No,5,No,7,4
2022,10-14,Male,42.95,34.19,Low,2,Yes,5,2,Yes,3,Yes,2,1
2022,80+,Male,33.43,55.61,Middle,1,No,1,10,No,6,No,4,7
2020,25-29,Female,12.77,47.09,Middle,10,Yes,6,10,No,4,No,9,5
2021,40-49,Female,38.21,18.15,High,3,Yes,4,7,Yes,9,Yes,7,10
2023,80+,Female,31.28,16.16,Low,7,Yes,9,8,Yes,2,Yes,10,8
2022,70-79,Female,33.9,60.44,Middle,5,Yes,9,9,Yes,2,No,6,7
2020,15-19,Male,42.71,35.78,Middle,2,No,3,5,No,7,No,4,4
2024,10-14,Both,20.71,60.12,High,5,No,10,9,Yes,9,No,6,8
2021,15-19,Female,32.58,36.58,Low,2,Yes,2,1,Yes,7,No,5,6
2022,80+,Both,37.57,19.98,High,1,No,10,2,No,10,No,1,7
2022,70-79,Male,35.28,12.03,Middle,10,No,3,4,No,8,No,2,3
2020,50-59,Female,49.65,23.22,Low,3,No,1,3,No,8,No,1,4
2021,40-49,Both,38.47,55.3,High,7,No,9,10,No,2,No,2,1
2023,50-59,Female,39.16,13.14,High,2,No,8,2,No,6,Yes,3,8
2022,15-19,Male,8.58,34.97,High,2,No,1,1,No,9,No,5,1
2021,50-59,Both,28.05,17.63,High,8,No,6,2,Yes,7,No,7,10
2024,10-14,Female,29.52,67.3,Low,3,No,1,3,Yes,9,Yes,4,5
2024,60-69,Both,46.19,42.97,High,8,No,4,6,No,7,Yes,1,7
2022,40-49,Both,5.81,44.2,High,10,No,4,8,No,9,No,4,4
2024,60-69,Both,7.47,63.93,Middle,4,Yes,3,6,Yes,8,Yes,6,5
2022,80+,Female,20.17,18.91,Low,10,No,9,4,Yes,6,No,5,5
2021,70-79,Both,21.58,37.27,High,9,No,1,2,No,6,Yes,2,7
2020,40-49,Both,6.0,54.89,High,8,Yes,3,7,No,9,No,2,8
2020,60-69,Both,6.32,69.63,Low,8,Yes,10,1,Yes,8,No,10,4
2020,60-69,Male,21.13,39.85,Middle,2,No,1,8,Yes,3,No,7,8
2024,30-39,Male,36.33,19.51,Middle,6,Yes,1,7,Yes,7,Yes,4,2
2020,40-49,Both,32.69,45.19,Middle,6,No,3,4,No,10,Yes,3,7
2022,25-29,Female,19.16,17.62,High,9,No,7,1,No,5,Yes,1,1
2020,70-79,Male,19.68,21.88,Low,3,No,6,7,No,10,Yes,10,9
2023,40-49,Female,9.43,69.96,Middle,3,Yes,5,7,No,1,Yes,6,2
2020,30-39,Female,25.13,55.47,High,6,Yes,2,2,No,9,No,5,1
2022,60-69,Both,10.82,10.25,Low,8,No,5,8,No,3,No,4,3
2020,10-14,Female,19.63,61.6,Low,2,No,3,3,No,6,No,4,2
2022,60-69,Both,45.06,38.96,High,2,No,9,8,No,8,No,2,10
2022,30-39,Male,46.78,25.79,Middle,8,Yes,4,10,Yes,9,Yes,5,4
2023,25-29,Both,17.2,67.17,High,3,Yes,1,10,Yes,10,Yes,3,5
2022,30-39,Male,9.43,63.55,Middle,9,No,5,10,No,3,No,3,4
2023,40-49,Male,29.28,16.81,High,10,No,5,10,Yes,4,No,1,2
2022,15-19,Both,37.79,41.9,High,3,Yes,5,9,Yes,9,Yes,6,9
2022,80+,Both,18.44,22.39,Middle,3,No,8,9,No,1,No,4,2
2024,15-19,Both,23.01,23.41,Low,6,Yes,10,3,No,3,Yes,4,3
2024,70-79,Male,24.35,29.88,Low,2,Yes,10,5,Yes,4,Yes,9,7
2024,70-79,Both,47.49,21.83,Middle,8,No,4,1,No,4,Yes,3,10
2020,70-79,Male,34.77,49.52,Low,1,Yes,1,6,No,5,Yes,8,10
2024,60-69,Male,49.08,58.01,Middle,8,Yes,4,9,Yes,6,No,8,5
2020,25-29,Both,23.1,41.85,Low,3,No,1,7,No,10,Yes,4,10
2021,20-24,Female,20.42,62.46,Middle,9,No,5,4,No,4,No,8,5
2021,40-49,Male,44.31,57.97,Low,4,No,2,4,No,8,No,7,8
2020,20-24,Female,7.45,19.64,High,2,Yes,4,5,Yes,3,No,10,7
2022,10-14,Both,24.07,25.65,Middle,9,Yes,3,3,Yes,1,No,4,8
2023,60-69,Female,11.46,20.05,High,5,Yes,2,10,No,4,Yes,6,8
2024,50-59,Both,12.21,43.13,Low,3,No,7,10,No,8,Yes,4,8
2020,60-69,Female,6.16,36.94,Middle,3,Yes,7,4,No,1,Yes,3,2
2022,80+,Female,16.69,41.52,High,6,Yes,6,5,Yes,8,No,7,1
2024,50-59,Male,46.82,19.03,Low,2,Yes,10,2,Yes,1,Yes,7,2
2021,40-49,Female,36.65,22.24,Middle,2,No,6,10,No,6,Yes,6,2
2024,20-24,Female,14.63,61.42,Low,5,Yes,10,2,Yes,4,No,3,6
2023,15-19,Female,35.92,19.62,Middle,3,No,6,7,Yes,3,No,3,6
2020,80+,Both,46.01,45.4,High,9,Yes,6,8,No,4,No,2,6
2021,50-59,Male,19.63,60.65,High,7,Yes,1,4,No,7,Yes,3,8
2021,40-49,Both,49.1,22.75,High,3,No,5,10,No,7,No,6,5
2020,10-14,Male,12.19,41.07,High,3,No,9,1,Yes,2,Yes,8,9
2020,50-59,Male,43.3,53.46,Middle,9,No,10,8,Yes,5,No,10,3
2020,80+,Male,34.66,24.01,High,5,Yes,4,8,No,10,No,3,5
2022,30-39,Female,24.66,55.54,Middle,7,Yes,2,9,Yes,8,No,8,6
2024,10-14,Female,29.26,33.86,Middle,4,No,10,4,Yes,5,No,8,5
2023,15-19,Female,44.63,30.02,High,10,No,2,7,Yes,8,Yes,10,1
2024,30-39,Female,17.06,16.25,High,6,Yes,10,8,No,8,No,5,4
2020,10-14,Female,34.79,16.9,High,2,Yes,2,5,Yes,3,Yes,9,4
2020,70-79,Both,48.34,56.82,Middle,6,No,8,8,No,9,Yes,5,10
2024,15-19,Both,17.01,10.06,High,3,Yes,5,6,No,8,No,6,1
2023,50-59,Male,22.63,24.02,High,9,Yes,4,1,No,3,Yes,7,2
2022,25-29,Female,33.44,66.56,Low,4,Yes,6,4,Yes,5,No,2,8
2021,50-59,Both,33.8,21.12,Middle,7,No,2,1,No,1,Yes,10,10
2020,70-79,Female,41.21,13.13,High,10,Yes,1,7,No,6,Yes,10,6
2022,15-19,Male,48.48,62.24,High,7,No,7,8,No,10,No,9,4
2024,10-14,Male,43.52,65.73,Low,6,Yes,9,6,No,10,No,10,3
2020,60-69,Male,35.01,20.02,Low,7,No,7,3,No,8,No,10,2
2023,70-79,Female,25.49,22.35,High,9,Yes,8,6,No,8,No,6,7
2023,80+,Male,6.39,42.88,Middle,2,No,3,7,Yes,7,No,8,10
2020,80+,Both,44.56,63.19,Middle,10,Yes,7,1,No,9,No,2,10
2021,30-39,Male,14.07,16.74,High,10,No,5,1,No,2,Yes,1,2
2022,15-19,Both,12.62,21.87,High,6,No,5,4,No,7,No,6,4
2024,30-39,Both,46.93,14.27,Middle,3,No,6,3,No,1,Yes,5,5
2023,30-39,Both,44.99,28.88,High,7,Yes,7,4,No,4,No,8,3
2022,30-39,Female,42.57,30.82,Middle,1,No,3,9,Yes,8,No,2,10
2021,40-49,Female,17.97,56.25,High,2,Yes,1,4,Yes,5,Yes,1,10
2022,50-59,Both,21.35,42.75,Low,8,Yes,4,2,No,4,No,9,5
2024,60-69,Female,16.04,17.61,High,1,No,1,2,Yes,9,No,8,8
2021,10-14,Female,27.21,12.92,Low,5,No,6,8,Yes,10,No,4,1
2022,20-24,Male,44.4,36.77,Low,1,No,2,9,Yes,9,Yes,10,6
2021,80+,Male,45.83,66.7,Low,1,Yes,5,4,No,7,Yes,8,7
2023,70-79,Female,24.23,37.16,Low,10,Yes,9,8,No,4,No,1,9
2020,60-69,Male,23.46,49.4,Middle,8,Yes,5,4,No,5,No,1,2
2020,50-59,Both,18.54,13.06,Low,6,No,5,1,No,3,Yes,1,4
2024,60-69,Both,45.07,16.45,Middle,9,Yes,3,9,Yes,9,No,2,5
2022,80+,Female,39.89,27.49,Low,7,No,4,7,Yes,1,No,5,7
2020,30-39,Both,22.4,17.72,Middle,4,Yes,1,2,Yes,3,Yes,3,8
2022,50-59,Both,11.28,63.46,Low,6,Yes,9,1,No,5,No,3,6
2023,60-69,Both,44.02,37.82,High,6,No,3,9,No,9,No,3,8
2023,10-14,Male,34.44,22.1,High,2,Yes,6,4,No,8,No,1,7
2020,30-39,Male,9.18,23.52,Middle,9,Yes,6,3,Yes,3,No,6,2
2020,60-69,Male,21.96,43.7,Middle,1,No,8,5,No,6,No,2,4
2024,60-69,Both,8.94,56.36,Low,6,No,5,6,No,5,No,7,1
2021,60-69,Male,28.28,33.95,Low,7,No,5,6,No,5,Yes,8,9
2022,30-39,Female,32.68,45.2,Low,4,No,8,5,Yes,5,No,6,5
2020,80+,Female,29.41,32.45,Middle,1,No,4,3,No,7,Yes,9,8
2024,40-49,Male,48.86,24.97,Low,1,No,8,10,No,9,No,7,10
2020,60-69,Female,17.67,29.15,Low,9,Yes,8,3,Yes,3,No,2,2
2024,80+,Both,17.07,16.14,High,5,Yes,9,6,No,10,Yes,4,4
2021,70-79,Male,14.12,26.47,High,10,No,5,10,Yes,5,Yes,8,7
2020,60-69,Male,27.0,52.73,Middle,7,Yes,3,9,No,2,No,10,9
2022,15-19,Male,18.58,65.77,High,7,No,8,8,Yes,10,Yes,10,5
2022,60-69,Male,36.45,42.25,High,4,Yes,4,10,No,1,Yes,6,4
2024,50-59,Male,40.99,25.75,High,9,Yes,1,6,No,2,Yes,10,6
2024,15-19,Male,45.37,58.33,High,3,Yes,5,6,No,4,Yes,3,2
2021,30-39,Both,32.14,45.2,Low,3,No,2,5,No,7,Yes,8,1
2020,25-29,Male,44.12,43.67,Middle,4,No,4,4,Yes,4,Yes,9,6
2022,40-49,Both,43.59,59.92,Middle,5,Yes,9,9,Yes,10,No,3,4
2021,15-19,Female,37.11,61.8,Low,9,No,1,10,No,5,No,8,3
2023,80+,Female,48.34,22.57,Middle,7,No,8,5,Yes,8,Yes,1,7
2023,15-19,Female,40.84,46.85,Low,10,No,3,9,Yes,1,Yes,3,8
2024,20-24,Male,29.63,22.26,High,7,No,5,8,No,7,Yes,6,10
2022,40-49,Male,19.78,57.25,High,4,Yes,2,6,No,1,No,2,8
2020,40-49,Both,6.46,17.68,Low,6,Yes,4,6,No,1,Yes,4,4
2022,30-39,Female,38.89,51.49,Low,10,Yes,5,2,Yes,6,No,10,9
2020,50-59,Male,23.91,41.92,Middle,7,No,7,8,No,10,Yes,9,8
2023,50-59,Female,23.15,51.87,Middle,8,Yes,2,3,Yes,3,Yes,6,1
2024,40-49,Both,38.89,69.64,Low,2,No,9,6,Yes,10,No,7,6
2024,30-39,Male,30.07,45.42,Middle,3,No,7,2,Yes,5,No,9,3
2021,25-29,Male,47.95,32.57,High,6,No,1,5,No,3,No,7,9
2024,10-14,Female,40.79,27.47,Middle,8,Yes,4,5,No,8,No,6,5
2021,40-49,Female,12.44,13.36,Middle,4,Yes,1,5,Yes,7,Yes,3,10
2020,25-29,Male,15.69,49.22,Low,6,No,8,6,Yes,5,Yes,4,8
2020,40-49,Female,21.49,58.25,High,3,Yes,6,9,No,3,Yes,4,7
2020,20-24,Both,28.15,11.08,High,8,Yes,9,1,Yes,8,Yes,7,5
2024,70-79,Female,9.5,11.93,Low,5,Yes,7,1,No,9,Yes,2,6
2023,15-19,Male,11.72,60.12,Middle,9,No,8,10,Yes,5,No,2,1
2022,20-24,Male,21.27,18.12,Middle,10,Yes,3,3,No,2,Yes,5,2
2021,20-24,Both,9.66,44.22,Middle,6,No,3,2,Yes,10,Yes,3,10
2022,70-79,Female,26.61,26.58,Low,7,Yes,7,4,No,7,No,3,8
2021,50-59,Male,10.9,50.61,Low,7,No,5,1,No,9,No,3,3
2021,10-14,Both,27.81,60.13,High,5,No,9,9,Yes,3,Yes,8,4
2022,60-69,Both,33.88,44.55,Middle,10,Yes,5,7,Yes,4,No,8,8
2022,60-69,Both,14.64,45.35,Low,1,Yes,4,6,No,1,Yes,2,8
2024,20-24,Male,20.01,60.32,High,2,Yes,6,9,Yes,4,Yes,3,10
2020,30-39,Male,46.94,44.68,Low,5,Yes,9,4,No,10,Yes,3,9
2023,60-69,Both,40.3,24.92,Middle,8,Yes,2,8,Yes,5,Yes,6,9
2022,30-39,Both,16.55,50.14,Low,10,No,1,6,No,7,Yes,2,9
2024,50-59,Both,9.45,39.66,High,1,No,8,5,Yes,7,Yes,10,1
2024,60-69,Both,35.52,32.92,Low,6,No,7,5,Yes,10,No,8,5
2020,15-19,Male,29.72,32.48,High,1,Yes,3,8,No,1,Yes,6,6
2022,70-79,Male,25.91,56.23,High,9,No,6,9,Yes,6,Yes,8,6
2024,80+,Male,34.37,36.41,High,8,No,1,10,Yes,7,No,9,6
2021,15-19,Both,31.21,39.44,Middle,10,Yes,9,9,No,1,Yes,4,1
2022,40-49,Both,14.98,44.26,High,3,Yes,2,7,Yes,5,Yes,5,3
2021,25-29,Both,9.93,52.76,Low,9,Yes,10,10,No,5,No,7,3
2022,60-69,Male,45.83,16.54,Middle,5,Yes,10,9,Yes,4,No,2,2
2021,30-39,Male,8.79,23.31,Middle,8,No,3,10,Yes,1,No,5,9
2024,15-19,Female,25.59,45.37,Middle,4,No,3,4,Yes,9,No,2,5
2020,60-69,Male,49.46,67.77,Middle,8,No,10,7,No,5,Yes,3,5
2023,10-14,Male,18.65,40.57,Low,10,No,4,9,Yes,10,No,3,6
2024,50-59,Female,48.87,15.72,High,3,No,3,2,Yes,5,No,10,6
2024,40-49,Male,10.34,62.83,Low,1,Yes,2,5,No,2,No,7,3
2021,25-29,Male,37.7,68.45,Low,1,Yes,1,7,Yes,9,No,7,6
2021,10-14,Female,16.13,12.44,Low,3,Yes,9,2,Yes,9,No,8,3
2023,25-29,Female,16.18,59.82,Middle,1,Yes,5,10,No,1,No,1,5
2024,50-59,Both,17.57,47.98,Middle,3,Yes,6,5,No,7,No,5,2
2020,15-19,Male,31.87,41.88,Low,6,Yes,3,9,Yes,10,Yes,4,10
2020,40-49,Male,32.33,61.13,Low,2,Yes,7,4,Yes,7,No,4,8
2020,50-59,Both,21.43,37.45,High,6,No,8,8,No,1,Yes,8,4
2021,30-39,Female,9.09,50.16,High,7,Yes,8,2,Yes,8,No,5,6
2020,25-29,Both,30.41,14.3,High,8,Yes,6,7,No,4,Yes,5,4
2020,25-29,Both,42.45,44.12,High,10,No,1,2,No,5,Yes,9,10
2024,70-79,Both,15.62,19.83,Low,5,Yes,2,3,Yes,7,No,1,6
2024,15-19,Both,31.52,30.04,High,10,No,6,9,Yes,7,No,9,1
2022,30-39,Male,29.77,40.9,Low,2,Yes,1,10,Yes,3,No,1,8
2023,20-24,Male,22.04,20.91,High,1,Yes,7,5,No,2,Yes,10,8
2020,25-29,Both,6.31,29.75,Middle,3,No,1,6,Yes,10,Yes,6,6
2023,40-49,Female,11.31,34.41,Low,8,No,9,5,No,1,Yes,4,10
2024,50-59,Male,20.68,60.85,High,5,Yes,3,7,No,8,Yes,3,6
2021,25-29,Female,43.86,16.62,Middle,2,No,4,6,Yes,5,No,2,2
2023,10-14,Both,45.28,40.05,Low,9,No,6,4,No,3,No,1,1
2024,60-69,Both,47.61,16.32,Middle,4,No,10,1,No,5,Yes,4,5
2021,60-69,Male,26.55,33.45,Low,3,Yes,9,2,No,8,No,6,5
2021,15-19,Male,15.69,42.8,Middle,7,No,3,8,No,1,No,2,7
2022,20-24,Both,26.72,63.25,High,9,No,10,9,Yes,1,No,6,8
2021,25-29,Male,28.0,30.28,Low,9,Yes,1,8,Yes,7,No,5,6
2024,30-39,Female,48.21,61.22,Low,2,No,4,2,No,6,No,2,3
2024,15-19,Both,7.18,26.96,Low,8,Yes,8,10,Yes,6,No,8,8
2020,80+,Both,13.91,23.24,Low,1,Yes,10,7,No,9,Yes,9,9
2022,15-19,Female,33.69,64.47,High,4,No,6,3,Yes,6,No,2,8
2023,20-24,Both,26.48,58.18,Middle,4,No,5,9,No,9,Yes,10,9
2023,60-69,Female,45.74,67.46,Low,9,No,8,6,No,5,No,9,4
2023,50-59,Male,8.98,53.28,Low,1,Yes,5,6,Yes,7,No,2,4
2021,50-59,Female,11.56,52.45,Middle,9,Yes,1,5,Yes,10,No,1,6
2021,40-49,Male,33.84,24.74,High,9,Yes,9,6,Yes,3,Yes,2,8
2024,20-24,Female,25.35,31.17,Low,7,No,2,3,No,3,No,10,7
2024,70-79,Male,17.92,39.73,High,5,Yes,1,10,No,2,Yes,6,6
2021,15-19,Female,11.82,30.4,High,9,Yes,3,3,No,1,No,7,10
2020,70-79,Male,20.94,23.23,Low,7,Yes,1,1,No,2,No,10,3
2020,25-29,Both,37.5,57.46,Middle,2,No,5,7,No,9,No,5,5
2023,70-79,Female,23.57,67.06,Low,3,Yes,2,1,Yes,9,No,6,4
2021,60-69,Male,35.99,14.58,Middle,8,Yes,8,4,No,8,No,3,3
2021,15-19,Male,10.4,10.31,Low,4,No,3,1,Yes,6,Yes,2,1
2021,60-69,Female,48.95,36.4,Middle,8,No,7,6,No,8,Yes,10,5
2021,70-79,Both,24.66,66.38,High,3,No,10,10,Yes,6,Yes,10,4
2024,40-49,Male,10.81,57.22,Middle,7,No,6,10,Yes,4,No,7,4
2023,25-29,Male,41.53,12.55,Middle,10,Yes,4,2,No,7,Yes,4,4
2024,70-79,Male,45.66,53.76,Low,7,No,3,8,Yes,7,No,3,2
2020,80+,Male,35.07,66.11,Low,8,Yes,5,9,Yes,6,No,8,8
2020,30-39,Male,45.1,47.2,Low,4,No,10,4,No,10,Yes,4,9
2022,80+,Female,8.02,10.05,High,6,No,8,3,No,3,No,4,3
2020,60-69,Male,36.05,52.16,Middle,9,No,3,1,Yes,9,No,8,1
2024,40-49,Male,20.21,35.91,High,1,No,4,6,No,5,Yes,3,5
2021,70-79,Both,41.12,63.66,Low,6,Yes,3,3,No,1,No,4,8
2020,15-19,Female,28.59,57.14,Low,9,Yes,8,10,No,2,Yes,9,10
2022,20-24,Female,26.06,20.27,Low,9,No,8,7,Yes,2,No,4,2
2024,50-59,Female,48.5,40.06,High,2,Yes,4,7,Yes,3,No,5,2
2022,50-59,Male,46.51,23.48,High,9,Yes,3,5,Yes,7,No,3,7
2022,30-39,Female,35.76,29.64,High,6,Yes,3,9,No,7,Yes,9,7
2022,10-14,Male,26.83,33.03,Low,1,No,1,6,Yes,9,No,7,2
2022,50-59,Male,20.99,46.76,High,4,No,8,9,Yes,3,No,7,3
2021,25-29,Both,40.23,41.86,High,4,No,6,2,Yes,4,No,10,2
2022,70-79,Female,13.27,34.42,Low,5,No,3,2,No,3,Yes,10,6
2021,50-59,Male,5.06,15.69,Middle,3,Yes,6,2,No,10,No,7,10
2021,25-29,Female,18.67,26.66,High,8,No,3,3,Yes,6,No,2,5
2020,20-24,Female,34.76,58.13,Middle,1,Yes,9,5,No,5,No,2,1
2023,25-29,Female,23.82,57.32,Middle,2,Yes,4,8,No,2,No,8,10
2020,80+,Female,33.56,37.76,Low,5,Yes,4,7,No,8,No,2,2
2021,30-39,Female,41.81,63.2,Middle,1,Yes,2,8,Yes,2,Yes,9,2
2023,15-19,Female,14.16,49.88,Low,6,No,9,9,No,1,No,8,1
2024,70-79,Female,12.95,36.29,Middle,4,Yes,8,2,No,5,No,9,6
2021,20-24,Female,45.15,46.61,Low,6,No,1,1,Yes,7,No,6,2
2023,25-29,Male,12.25,14.57,Middle,4,Yes,7,6,No,6,No,9,7
2020,20-24,Female,8.29,51.24,High,6,No,7,2,No,9,Yes,4,8
2023,50-59,Female,32.38,37.65,Middle,2,No,3,1,Yes,3,Yes,7,1
2023,15-19,Female,29.44,24.39,Middle,8,No,9,2,No,2,Yes,2,2
2020,50-59,Both,27.11,48.01,Low,2,No,1,8,Yes,4,Yes,9,9
2022,10-14,Female,18.11,31.05,Middle,6,No,10,7,Yes,4,Yes,3,6
2020,10-14,Male,35.21,20.68,Middle,6,No,10,9,Yes,9,Yes,5,8
2022,30-39,Both,7.38,23.78,High,4,No,9,8,No,8,No,2,4
2021,60-69,Female,9.58,55.02,High,6,No,3,3,No,10,Yes,2,3
2021,30-39,Male,46.03,23.85,Low,6,No,2,2,No,7,No,7,3
2024,10-14,Male,7.14,22.53,Low,7,No,5,4,Yes,2,Yes,9,7
2021,25-29,Male,24.46,18.35,High,10,No,5,4,No,8,No,5,9
2020,80+,Male,39.02,63.83,High,2,Yes,4,7,No,7,Yes,6,8
2021,10-14,Female,31.87,62.32,Middle,8,Yes,1,4,No,3,No,1,8
2023,60-69,Male,8.1,32.84,High,8,No,7,5,Yes,3,Yes,2,8
2023,40-49,Both,6.56,57.8,High,4,No,7,2,No,6,No,2,9
2020,70-79,Both,44.35,37.96,Middle,3,No,6,5,Yes,2,Yes,3,8
2021,10-14,Both,17.19,30.87,High,8,Yes,1,1,No,10,Yes,3,3
2020,15-19,Male,39.29,12.44,Middle,7,Yes,5,6,Yes,7,No,8,5
2021,60-69,Male,23.68,33.78,Middle,7,Yes,2,8,No,3,No,6,6
2021,20-24,Female,17.24,50.3,Middle,6,Yes,10,4,No,4,Yes,8,9
2022,15-19,Male,29.61,23.27,High,6,Yes,1,4,Yes,7,Yes,6,7
2020,30-39,Female,14.23,40.91,Low,3,Yes,10,4,Yes,9,Yes,2,6
2020,20-24,Male,29.98,31.24,High,10,Yes,8,5,No,9,No,4,8
2024,50-59,Female,40.54,46.71,High,7,Yes,7,9,No,8,No,4,4
2024,10-14,Both,29.2,10.0,High,1,Yes,7,4,No,6,No,6,1
2022,20-24,Male,40.74,50.08,Low,10,No,10,8,No,5,Yes,9,6
2022,80+,Male,23.28,69.17,High,6,Yes,5,4,No,7,No,6,4
2020,15-19,Male,8.94,17.36,Middle,2,No,1,9,No,7,Yes,8,8
2024,25-29,Both,37.55,35.57,High,2,No,6,9,Yes,4,No,10,10
2022,20-24,Male,40.79,13.89,Middle,9,No,9,3,Yes,4,Yes,9,2
2020,15-19,Both,42.42,18.33,High,7,No,10,7,No,9,Yes,7,6
2022,80+,Female,5.57,36.53,Middle,8,No,10,3,No,6,No,9,7
2024,15-19,Female,48.48,55.06,Low,7,No,3,3,No,4,Yes,9,2
2020,40-49,Male,7.17,45.43,High,9,No,4,7,Yes,2,No,8,9
2020,80+,Male,33.29,38.06,High,2,Yes,6,1,Yes,5,No,3,3
2021,70-79,Both,44.99,58.16,High,9,Yes,3,3,No,8,No,6,4
2021,60-69,Male,17.93,53.12,Middle,10,Yes,5,6,No,7,No,10,7
2021,70-79,Female,6.92,49.93,High,1,No,9,1,No,7,No,5,6
2020,70-79,Both,45.25,37.36,Low,4,Yes,1,4,Yes,8,Yes,6,9
2024,30-39,Both,10.85,29.9,Low,5,Yes,7,8,Yes,9,Yes,4,4
2023,20-24,Both,41.89,34.7,High,3,Yes,7,5,Yes,7,Yes,8,6
2024,15-19,Both,30.25,44.18,Low,10,Yes,6,3,No,3,Yes,10,7
2024,50-59,Both,8.23,27.54,Middle,5,Yes,9,5,No,8,Yes,10,4
2023,10-14,Male,11.73,31.81,Low,7,Yes,2,10,No,6,No,5,1
2022,40-49,Both,39.43,28.13,Middle,3,Yes,10,7,No,9,Yes,2,9
2021,25-29,Both,43.14,61.49,Middle,3,Yes,10,7,No,8,Yes,2,10
2022,15-19,Male,13.17,39.81,Middle,4,Yes,7,9,Yes,9,Yes,10,7
2024,80+,Male,35.74,68.69,High,3,No,5,4,Yes,8,No,9,6
2022,60-69,Both,18.4,35.73,Middle,1,Yes,6,7,Yes,10,No,5,9
2022,60-69,Both,41.33,37.48,Middle,6,No,7,2,No,9,No,8,6
2021,15-19,Female,20.06,40.22,Low,5,Yes,5,9,Yes,8,Yes,2,1
2023,50-59,Male,19.54,32.36,Low,9,No,8,8,Yes,4,Yes,10,7
2023,15-19,Female,47.35,31.94,Low,7,Yes,5,7,No,9,Yes,4,2
2023,30-39,Both,48.01,12.92,Low,9,Yes,9,10,No,10,Yes,6,10
2024,50-59,Male,33.75,58.95,High,2,Yes,6,6,Yes,4,No,1,7
2022,25-29,Female,21.9,38.98,Middle,4,No,7,1,No,4,Yes,4,4
2024,70-79,Male,11.02,39.42,High,8,No,2,8,Yes,10,No,10,8
2024,30-39,Female,31.26,40.58,Middle,7,No,1,1,Yes,5,No,4,5
2023,30-39,Male,10.86,28.4,Middle,9,No,3,1,No,7,No,2,9
2021,50-59,Both,12.05,26.31,Low,6,No,4,9,No,4,No,6,6
2023,50-59,Both,40.44,44.3,Low,5,No,8,2,No,6,Yes,10,6
2022,80+,Female,42.78,60.63,Middle,9,No,8,7,No,2,Yes,9,4
2022,10-14,Male,40.49,57.95,Low,2,No,3,5,No,4,Yes,5,7
2021,70-79,Female,6.28,53.36,Low,7,No,2,10,Yes,6,No,6,6
2021,40-49,Male,29.47,68.02,Low,4,No,4,6,Yes,6,No,7,7
2021,40-49,Female,26.02,53.34,High,7,Yes,1,8,Yes,7,No,4,5
2021,20-24,Female,22.47,38.56,Low,3,Yes,1,1,No,5,No,2,9
2024,50-59,Both,8.22,27.51,High,2,Yes,3,5,No,8,No,7,8
2022,50-59,Female,19.18,38.39,High,4,Yes,8,8,No,6,Yes,5,8
2023,40-49,Female,8.3,26.28,Middle,8,No,5,7,Yes,5,Yes,4,1
2021,20-24,Both,25.39,45.43,Low,8,No,1,2,No,10,No,10,1
2020,60-69,Female,44.6,42.39,High,10,No,4,1,No,6,Yes,3,9
2021,15-19,Male,15.15,10.85,Low,5,Yes,10,8,Yes,4,No,6,1
2024,50-59,Both,44.91,65.13,Low,5,No,4,2,No,7,Yes,4,7
2023,60-69,Both,25.07,27.29,High,3,No,4,4,No,2,No,2,2
2020,15-19,Male,35.6,33.71,Middle,2,Yes,5,8,Yes,8,No,9,8
2024,50-59,Both,44.48,62.06,Middle,9,Yes,6,9,No,2,No,9,6
2022,15-19,Both,19.69,59.13,Low,7,Yes,3,6,No,4,No,4,9
2022,25-29,Female,44.62,60.71,Low,4,No,9,7,Yes,3,No,8,8
2024,30-39,Both,42.84,38.11,Middle,8,Yes,7,8,No,5,No,1,4
2024,60-69,Both,34.13,17.86,High,2,No,2,8,Yes,8,No,4,6
2024,20-24,Female,26.26,65.78,Low,2,Yes,1,7,No,2,No,6,6
2023,70-79,Male,9.27,24.43,Middle,4,No,9,5,Yes,5,No,6,7
2022,60-69,Male,24.77,19.33,Low,10,Yes,2,9,No,6,Yes,3,1
2021,70-79,Male,8.81,51.94,High,8,Yes,1,2,No,8,No,5,4
2021,25-29,Both,23.11,68.57,Middle,3,Yes,9,6,Yes,4,Yes,2,6
2023,30-39,Male,30.35,45.63,High,1,No,10,6,No,9,Yes,10,10
2021,80+,Both,5.59,35.49,Middle,6,Yes,8,8,No,6,Yes,7,4
2023,15-19,Both,35.56,63.13,High,6,Yes,6,4,No,4,No,10,2
2024,15-19,Female,32.75,35.32,Middle,9,Yes,5,3,Yes,5,No,6,7
2020,70-79,Both,23.52,57.26,Low,6,Yes,5,1,Yes,7,No,2,1
2023,20-24,Both,16.75,27.56,Middle,3,Yes,8,3,Yes,10,No,2,5
2024,40-49,Male,39.82,49.31,Low,6,No,6,4,Yes,1,Yes,10,7
2022,80+,Both,31.74,34.38,High,3,No,7,3,Yes,3,Yes,4,7
2024,40-49,Both,5.1,44.71,High,1,Yes,3,8,No,4,No,1,9
2023,60-69,Female,43.06,55.32,High,2,No,2,2,No,7,No,4,5
2021,40-49,Both,27.87,45.73,High,5,Yes,9,3,Yes,6,Yes,1,7
2020,30-39,Male,11.91,52.41,High,3,Yes,2,4,Yes,7,Yes,5,6
2021,40-49,Female,18.38,24.99,Low,2,Yes,8,8,Yes,1,No,3,3
2023,25-29,Both,24.65,17.9,High,4,Yes,6,3,Yes,9,Yes,7,5
2023,30-39,Male,10.5,68.86,High,7,No,3,2,Yes,5,Yes,5,5
2024,20-24,Male,30.4,55.24,Middle,7,Yes,6,1,Yes,7,Yes,2,1
2022,10-14,Male,21.14,61.45,Middle,7,Yes,2,7,No,1,No,8,1
2023,80+,Male,19.08,16.18,High,7,Yes,6,3,No,10,Yes,2,6
2021,50-59,Male,41.99,64.76,Middle,7,No,1,8,Yes,5,Yes,7,4
2024,25-29,Female,24.4,36.39,Low,9,No,10,10,No,9,No,1,5
2022,50-59,Male,39.56,59.61,Middle,7,No,5,1,No,5,No,7,6
2021,25-29,Male,42.34,11.25,Middle,3,No,1,2,Yes,3,Yes,4,7
2020,10-14,Both,43.71,22.95,High,4,No,4,1,No,8,Yes,2,8
2020,10-14,Female,39.52,12.49,High,3,Yes,4,2,No,6,No,3,3
2021,15-19,Female,36.63,57.28,High,3,Yes,7,8,Yes,8,Yes,2,3
2022,50-59,Both,39.89,48.95,High,9,No,9,2,Yes,9,Yes,2,5
2020,80+,Female,15.42,54.63,Low,10,Yes,7,4,No,4,No,3,10
2021,30-39,Female,45.41,27.28,Middle,1,Yes,3,3,Yes,8,Yes,8,4
2023,25-29,Male,16.39,21.99,High,4,Yes,2,9,No,6,Yes,9,8
2021,15-19,Male,38.31,45.71,Low,8,Yes,1,8,Yes,4,Yes,8,3
2024,25-29,Both,43.04,44.84,Low,9,No,6,8,No,6,No,9,4
2023,50-59,Both,25.5,51.25,Middle,7,No,5,1,Yes,6,Yes,10,1
2023,20-24,Female,19.3,65.67,Middle,4,Yes,9,5,Yes,8,Yes,8,4
2021,25-29,Female,45.7,39.27,Low,3,Yes,1,6,Yes,4,No,10,7
2023,60-69,Both,37.0,23.17,High,6,Yes,10,6,Yes,9,Yes,6,5
2020,40-49,Male,27.1,65.62,Middle,8,Yes,10,1,Yes,4,No,1,7
2023,25-29,Female,23.38,21.46,Middle,5,No,8,4,No,9,No,8,8
2021,10-14,Male,16.33,61.43,Low,7,Yes,10,8,No,8,No,2,7
2020,40-49,Female,41.4,66.15,High,10,No,1,5,Yes,1,Yes,2,1
2021,40-49,Female,47.51,44.9,Middle,4,No,8,4,Yes,8,Yes,7,7
2021,25-29,Male,19.14,59.07,Low,3,Yes,8,6,No,5,Yes,9,8
2022,30-39,Male,17.45,36.6,High,1,No,5,7,No,4,Yes,8,9
2021,15-19,Both,24.11,40.63,High,1,Yes,8,2,Yes,8,Yes,3,2
2021,80+,Male,12.97,50.84,High,5,No,10,9,Yes,3,Yes,1,9
2020,50-59,Both,39.51,35.74,Low,2,Yes,4,4,Yes,3,Yes,5,9
2020,60-69,Male,40.32,19.95,Middle,7,Yes,1,7,No,6,No,10,7
2021,30-39,Male,43.28,55.95,High,4,No,9,7,Yes,2,No,3,7
2024,30-39,Male,48.68,48.08,Low,10,No,1,6,No,8,Yes,8,7
2024,60-69,Both,15.12,52.0,High,10,No,2,3,Yes,7,No,3,6
2022,80+,Male,17.44,18.28,High,8,No,5,8,Yes,9,Yes,9,4
2023,25-29,Female,34.53,50.96,High,10,Yes,10,2,No,10,No,8,8
2021,10-14,Male,47.22,32.11,High,3,No,3,8,No,10,Yes,3,9
2023,30-39,Both,42.18,60.42,Low,10,No,4,4,No,9,Yes,7,1
2024,25-29,Female,37.62,55.4,Middle,7,No,8,6,No,10,No,8,6
2024,70-79,Both,37.18,16.2,Middle,6,Yes,3,2,Yes,8,No,6,6
2022,30-39,Female,8.99,18.42,High,3,Yes,2,8,Yes,8,No,8,10
2021,60-69,Both,6.53,29.28,Middle,3,No,6,8,Yes,3,No,6,10
2021,15-19,Female,13.53,16.0,Middle,7,No,10,4,No,10,Yes,7,6
2023,10-14,Female,15.77,22.02,Low,6,No,6,7,No,2,Yes,9,7
2020,60-69,Male,18.11,30.33,High,3,No,4,3,No,8,No,5,4
2020,40-49,Female,28.55,16.43,Low,6,Yes,5,8,No,1,Yes,1,4
2023,25-29,Both,44.61,57.97,Middle,5,No,8,6,No,3,No,6,2
2021,30-39,Both,12.74,37.1,High,1,Yes,7,9,Yes,7,Yes,4,9
2021,40-49,Male,32.82,14.76,High,8,No,9,1,Yes,8,Yes,6,8
2024,10-14,Both,19.44,31.14,Middle,7,No,9,1,Yes,1,No,10,7
2023,70-79,Male,13.29,26.26,Low,8,Yes,8,9,Yes,9,No,10,4
2023,60-69,Male,29.53,46.11,Middle,6,No,1,8,Yes,7,Yes,3,6
2024,30-39,Female,22.1,49.52,Middle,1,No,4,5,No,4,No,9,1
2020,50-59,Male,35.67,39.84,Low,3,No,1,8,Yes,2,No,6,1
2020,30-39,Female,16.86,68.09,High,5,No,10,10,Yes,4,Yes,7,7
2021,50-59,Female,16.23,31.42,Middle,2,No,4,4,Yes,3,No,9,5
2024,25-29,Male,19.59,65.14,Middle,5,No,2,1,No,1,No,9,2
2021,30-39,Both,32.54,54.98,High,7,Yes,2,2,Yes,1,Yes,1,2
2021,50-59,Both,15.37,55.77,High,1,No,5,7,Yes,9,No,6,4
2021,25-29,Both,30.24,66.21,High,9,Yes,3,8,No,3,No,10,10
2021,15-19,Male,48.53,39.36,Middle,4,Yes,3,9,Yes,10,Yes,8,5
2022,10-14,Both,39.61,28.4,Middle,10,Yes,3,10,Yes,10,No,1,9
2022,80+,Female,40.11,46.14,High,10,No,1,9,No,1,Yes,10,7
2020,40-49,Both,15.42,46.73,High,4,No,10,7,Yes,10,No,7,8
2023,50-59,Male,21.45,51.81,High,5,No,2,9,No,7,No,7,8
2021,25-29,Both,31.1,28.6,Low,8,Yes,10,10,No,6,No,8,5
2024,50-59,Male,38.3,59.3,Middle,7,No,4,2,No,10,No,9,10
2021,20-24,Male,12.56,13.02,Middle,9,Yes,8,3,No,7,No,8,1
2021,15-19,Male,19.18,54.56,High,9,No,5,10,Yes,3,Yes,3,6
2022,25-29,Both,19.22,11.85,Middle,3,Yes,7,2,Yes,4,No,9,1
2020,80+,Both,43.54,61.65,Middle,8,No,4,7,No,7,Yes,7,10
2020,40-49,Both,25.18,10.65,High,9,No,6,8,No,9,No,2,5
2020,70-79,Male,16.91,29.11,High,4,No,5,7,No,9,No,1,6
2022,30-39,Male,38.31,58.03,Low,1,No,4,1,No,8,Yes,8,9
2022,25-29,Male,44.29,39.2,Low,3,No,2,4,Yes,1,No,1,1
2024,25-29,Female,35.74,53.86,Low,9,Yes,7,6,Yes,1,Yes,9,7
2021,20-24,Male,41.8,44.7,Low,2,Yes,5,4,No,3,No,8,6
2020,20-24,Female,13.23,66.79,Middle,6,No,7,9,Yes,8,No,9,1
2024,80+,Male,36.48,28.33,Low,3,No,2,6,Yes,8,Yes,6,9
2021,30-39,Female,41.56,15.45,Middle,8,Yes,6,10,No,9,Yes,3,6
2020,20-24,Both,18.93,62.34,High,6,Yes,9,3,No,10,Yes,5,8
2023,15-19,Both,17.07,62.24,High,1,No,6,10,No,9,Yes,4,8
2020,80+,Male,36.15,16.36,Middle,4,Yes,7,8,Yes,7,Yes,10,4
2020,80+,Male,34.67,50.81,High,6,Yes,1,4,Yes,8,Yes,8,10
2020,70-79,Female,39.9,35.97,Low,9,No,8,7,No,8,No,8,2
2023,15-19,Female,23.57,53.95,Low,5,No,3,8,Yes,2,Yes,10,6
2020,15-19,Male,17.65,37.35,Low,7,No,9,4,No,9,No,10,9
2021,20-24,Both,49.93,35.49,High,3,Yes,8,4,Yes,8,No,4,1
2024,70-79,Both,35.4,47.89,High,7,No,8,9,No,9,Yes,7,1
2023,40-49,Female,46.02,46.05,Low,8,Yes,7,1,Yes,5,No,10,2
2021,30-39,Male,32.59,19.27,Low,7,Yes,10,1,No,6,Yes,5,7
2021,15-19,Female,6.79,33.88,Low,10,No,4,2,Yes,10,No,6,9
2021,80+,Female,18.08,67.1,High,10,Yes,1,1,Yes,7,Yes,1,3
2021,25-29,Male,25.35,12.22,High,9,Yes,8,1,No,4,No,9,7
2024,30-39,Male,48.43,39.39,High,10,Yes,9,2,Yes,6,Yes,8,9
2021,30-39,Both,45.02,26.02,High,4,No,6,7,Yes,2,Yes,1,1
2024,15-19,Male,7.33,52.4,Low,9,Yes,4,2,Yes,1,Yes,3,1
2020,60-69,Male,29.23,37.49,Low,5,No,5,3,No,5,Yes,9,4
2024,10-14,Female,45.73,65.33,Middle,3,No,8,10,Yes,7,Yes,7,6
2021,20-24,Both,28.49,48.94,High,4,No,3,6,No,5,No,4,6
2023,80+,Male,23.01,66.78,High,3,No,9,1,No,8,Yes,9,4
2021,10-14,Both,16.22,61.72,Middle,8,Yes,6,3,Yes,6,No,10,8
2020,40-49,Female,34.63,48.06,Low,8,No,1,2,No,7,Yes,4,3
2023,80+,Both,33.13,26.47,Middle,1,No,3,9,Yes,7,Yes,7,7
2023,50-59,Female,21.4,63.48,High,9,No,6,7,Yes,6,Yes,8,7
2021,70-79,Female,19.22,56.96,High,4,No,2,5,No,1,Yes,4,5
2022,40-49,Male,40.43,53.65,Middle,8,Yes,1,9,No,7,Yes,8,5
2020,60-69,Both,25.5,36.05,Middle,2,Yes,8,3,No,6,Yes,8,3
2020,70-79,Male,20.18,50.76,Middle,4,Yes,2,10,Yes,10,No,6,10
2023,70-79,Female,22.99,45.9,High,10,Yes,10,7,No,3,No,3,4
2020,10-14,Female,6.96,13.43,Middle,6,Yes,1,4,No,2,No,10,4
2023,40-49,Both,43.96,64.17,Low,10,Yes,9,8,No,2,Yes,8,4
2023,20-24,Male,8.21,26.64,High,7,No,7,9,Yes,1,Yes,4,1
2024,60-69,Female,43.85,26.64,Middle,8,No,1,6,Yes,10,No,7,8
2021,60-69,Both,30.88,51.43,Middle,7,Yes,6,7,No,8,Yes,5,7
2024,10-14,Both,18.97,38.64,High,8,No,8,9,Yes,7,Yes,9,7
2024,80+,Male,24.08,58.03,High,7,Yes,3,8,Yes,3,No,8,2
2024,60-69,Both,29.37,35.17,Middle,5,No,1,10,No,8,No,6,6
2024,70-79,Male,15.27,16.63,Low,3,Yes,2,9,No,2,No,2,8
2021,50-59,Both,20.34,23.06,Low,6,No,2,7,No,2,No,7,2
2024,20-24,Male,43.73,59.28,Low,7,Yes,10,8,Yes,9,Yes,3,1
2022,40-49,Female,25.23,24.92,High,1,No,10,10,Yes,9,Yes,9,9
2020,30-39,Male,35.96,19.99,Middle,4,No,5,5,Yes,7,No,3,9
2024,30-39,Both,11.45,57.21,Middle,5,Yes,7,10,No,2,Yes,2,6
2023,20-24,Male,12.83,35.6,High,7,No,9,6,Yes,4,Yes,7,4
2021,50-59,Female,24.46,42.92,High,3,No,5,1,Yes,9,No,7,10
2020,70-79,Both,12.19,22.09,High,7,No,8,9,Yes,2,Yes,6,7
2024,60-69,Both,49.3,41.11,High,2,Yes,1,3,No,5,No,7,8
2024,80+,Female,35.52,16.39,Middle,10,Yes,7,3,Yes,10,No,8,1
2022,70-79,Male,14.48,24.16,High,6,Yes,3,3,No,8,No,1,5
2022,20-24,Male,37.26,23.73,Middle,3,No,3,3,No,7,No,1,7
2023,60-69,Female,15.24,66.55,Low,10,No,7,5,Yes,5,No,4,8
2022,60-69,Male,45.7,22.11,Low,2,Yes,6,5,No,6,No,10,1
2023,50-59,Female,42.12,47.73,High,8,Yes,4,8,No,5,Yes,3,6
2022,25-29,Female,9.74,38.33,Middle,7,Yes,8,5,No,3,Yes,2,9
2024,80+,Male,28.63,40.36,Low,5,Yes,10,4,No,8,Yes,8,8
2023,60-69,Female,14.83,26.61,High,9,No,1,7,Yes,10,No,4,6
2021,25-29,Both,14.38,17.98,Low,1,Yes,5,4,Yes,9,Yes,2,8
2022,30-39,Male,18.83,23.12,High,4,No,5,10,No,6,Yes,7,1
2022,40-49,Male,32.17,21.7,Middle,3,Yes,8,9,Yes,6,Yes,9,8
2023,70-79,Female,26.43,29.2,Low,3,Yes,6,9,Yes,9,No,5,9
2023,30-39,Female,27.17,46.3,High,7,Yes,6,3,Yes,6,No,1,3
2020,30-39,Female,22.2,35.72,Low,3,No,3,6,Yes,9,No,8,9
2023,10-14,Both,35.34,66.7,Low,7,Yes,5,7,Yes,5,No,10,7
2024,70-79,Female,47.33,22.32,Middle,3,Yes,9,4,No,10,No,6,6
2023,50-59,Male,26.74,14.01,High,10,Yes,7,7,Yes,4,No,7,4
2024,15-19,Both,34.25,21.0,Middle,5,Yes,4,6,No,7,Yes,1,10
2022,30-39,Female,11.58,10.64,Low,8,No,5,2,Yes,5,No,1,4
2023,30-39,Both,11.47,23.3,High,2,Yes,9,8,Yes,5,Yes,7,7
2020,15-19,Female,14.06,28.06,High,2,No,3,9,Yes,5,Yes,2,4
2021,80+,Female,19.15,22.56,High,3,Yes,7,10,No,2,No,5,6
2022,70-79,Female,10.43,58.17,High,7,No,4,2,No,8,Yes,3,9
2020,10-14,Male,32.67,32.42,Low,1,Yes,6,4,No,10,No,9,4
2022,15-19,Female,31.0,68.71,Low,5,Yes,8,1,No,6,No,4,10
2023,10-14,Both,27.5,40.19,Middle,10,No,2,3,Yes,3,No,2,4
2020,30-39,Male,47.99,22.12,Low,1,Yes,9,7,Yes,9,No,7,4
2021,40-49,Male,33.05,20.07,Low,9,Yes,5,4,No,7,No,10,10
2024,60-69,Male,37.02,42.06,High,5,No,8,1,No,2,No,2,8
2024,25-29,Female,20.71,67.14,Low,9,Yes,9,2,No,8,No,10,8
2024,25-29,Both,45.52,14.86,Low,9,No,3,4,No,1,No,9,8
2022,40-49,Male,26.37,58.18,High,6,No,7,6,No,1,No,2,6
2020,40-49,Male,43.3,36.0,Middle,3,Yes,8,10,Yes,1,No,9,2
2020,30-39,Male,6.41,58.82,Low,3,Yes,8,9,Yes,5,Yes,8,7
2020,40-49,Male,31.81,52.35,Low,3,No,3,4,No,9,Yes,2,3
2023,10-14,Male,23.23,63.91,Middle,9,Yes,10,3,No,2,No,3,8
2021,25-29,Both,19.89,12.35,High,1,No,4,8,No,3,No,7,4
2023,40-49,Male,46.75,31.73,Low,9,No,4,10,Yes,1,Yes,8,3
2020,80+,Female,15.81,66.58,High,6,Yes,1,1,No,10,No,4,7
2021,10-14,Male,40.91,64.86,Low,7,No,8,1,No,9,Yes,5,9
2023,20-24,Both,46.99,16.32,High,7,Yes,6,9,Yes,6,Yes,4,3
2022,80+,Male,21.77,14.04,Low,4,No,1,10,Yes,4,No,7,2
2022,70-79,Male,7.71,14.05,Low,1,Yes,9,4,No,6,No,3,7
2021,20-24,Both,10.29,31.95,Middle,4,No,1,2,No,6,No,7,7
2022,70-79,Female,17.73,66.87,Low,4,No,8,6,No,2,No,5,7
2020,70-79,Male,46.19,30.94,High,6,No,8,4,No,9,No,5,10
2021,80+,Both,14.64,64.88,High,1,No,3,1,Yes,2,No,7,1
2022,70-79,Both,31.27,66.03,Low,10,Yes,7,2,Yes,5,No,9,4
2020,70-79,Female,19.1,40.89,Low,9,No,3,4,Yes,8,No,5,10
2020,50-59,Female,11.97,56.89,Middle,6,No,1,9,Yes,8,Yes,1,8
2021,15-19,Male,35.85,13.07,Low,3,No,2,9,No,5,No,3,2
2022,70-79,Both,13.52,32.35,Middle,4,Yes,7,4,No,8,No,10,6
2021,25-29,Both,49.55,36.73,Low,6,Yes,1,3,No,9,No,10,8
2021,15-19,Female,34.47,12.74,Middle,10,Yes,9,9,Yes,7,No,10,10
2023,60-69,Female,13.5,36.31,Middle,5,Yes,6,4,No,4,No,10,8
2021,80+,Male,5.82,64.04,High,4,No,10,2,Yes,10,Yes,7,6
2021,10-14,Both,31.59,35.99,High,1,Yes,7,7,Yes,3,No,8,7
2020,70-79,Male,34.98,31.67,Middle,3,No,7,6,Yes,3,Yes,6,9
2021,50-59,Both,24.9,23.51,High,2,No,1,9,No,8,No,1,6
2020,40-49,Female,18.34,53.89,Low,4,Yes,6,7,Yes,3,Yes,7,2
2020,80+,Female,15.78,64.3,Low,6,Yes,7,2,No,10,Yes,4,3
2021,10-14,Female,32.14,32.41,Middle,7,No,4,6,Yes,6,No,4,10
2020,30-39,Both,13.36,17.96,High,6,Yes,7,1,No,4,No,6,1
2020,15-19,Male,49.52,60.84,High,2,Yes,8,9,Yes,7,No,4,5
2023,25-29,Female,32.91,22.46,Middle,5,No,1,5,No,1,No,4,9
2022,70-79,Male,32.32,32.41,Middle,4,Yes,8,2,Yes,6,No,5,5
2024,50-59,Both,17.21,30.01,Middle,4,Yes,1,3,Yes,9,Yes,9,8
2022,30-39,Both,47.49,41.93,Middle,1,No,6,3,No,5,Yes,1,7
2021,15-19,Male,38.45,52.05,Low,1,Yes,6,4,No,6,No,3,9
2024,70-79,Female,9.55,60.58,Middle,1,No,3,4,No,5,Yes,4,8
2021,50-59,Male,45.85,65.65,Low,5,No,4,8,No,5,No,1,6
2020,50-59,Male,49.98,10.47,Middle,7,Yes,2,10,Yes,3,Yes,9,2
2021,70-79,Male,25.71,68.27,Middle,9,Yes,5,1,Yes,9,No,2,8
2024,25-29,Male,25.0,68.31,Low,3,No,9,5,Yes,4,Yes,9,1
2021,10-14,Both,37.96,14.32,Middle,2,Yes,7,7,No,7,Yes,8,1
2021,80+,Both,12.59,35.0,Low,8,Yes,6,6,Yes,9,Yes,9,3
2024,10-14,Female,33.23,49.86,High,4,No,9,10,No,9,No,4,10
2023,50-59,Male,30.55,14.19,Middle,10,No,7,5,No,10,No,4,2
2024,25-29,Both,9.25,15.11,Low,1,No,4,4,No,5,Yes,3,10
2024,70-79,Male,26.79,22.48,Middle,8,Yes,7,8,No,3,No,2,3
2024,40-49,Male,35.17,24.94,Low,3,No,5,5,Yes,3,Yes,9,4
2024,60-69,Female,44.68,18.06,High,4,Yes,6,8,No,6,No,6,4
2021,70-79,Male,5.88,56.76,Middle,10,Yes,4,3,No,1,No,2,6
2024,40-49,Both,47.04,59.37,Low,1,No,10,10,No,10,No,8,8
2020,70-79,Female,43.26,18.15,Middle,8,No,5,6,No,9,No,4,8
2021,30-39,Both,34.95,10.48,Low,9,No,10,4,No,3,No,10,8
2024,80+,Male,32.22,65.82,Low,7,Yes,3,7,No,3,Yes,1,1
2024,20-24,Male,21.87,15.89,High,3,Yes,4,10,Yes,10,No,10,1
2023,10-14,Male,6.06,55.68,High,6,Yes,4,10,Yes,2,Yes,4,4
2022,40-49,Both,29.18,13.08,High,1,No,7,2,Yes,10,No,4,1
2022,30-39,Male,9.05,36.99,Low,10,Yes,1,2,Yes,5,No,5,3
2020,40-49,Both,23.16,57.24,High,7,Yes,10,6,No,7,No,6,5
2020,80+,Female,9.83,26.09,High,5,Yes,3,9,No,5,No,8,7
2023,25-29,Both,36.52,64.89,Middle,5,No,7,1,No,7,No,7,4
2023,40-49,Both,48.82,41.06,Middle,5,No,10,4,No,7,No,1,6
2020,80+,Both,48.41,64.26,High,10,No,9,2,Yes,10,Yes,4,7
2023,30-39,Male,15.34,20.91,Middle,6,No,9,1,No,4,No,5,6
2021,30-39,Both,37.11,20.5,Middle,4,No,8,5,Yes,10,No,10,1
2020,30-39,Male,20.42,65.23,Middle,9,Yes,9,10,No,5,Yes,4,4
2020,30-39,Both,8.72,17.6,Middle,3,No,8,10,Yes,2,No,6,10
2021,60-69,Both,10.1,60.16,Low,1,No,6,1,No,7,No,1,1
2021,50-59,Male,24.03,16.49,Middle,5,Yes,10,5,Yes,8,No,5,5
2023,15-19,Female,49.16,54.34,Middle,5,Yes,8,10,No,3,No,4,1
2024,25-29,Male,24.6,58.31,Low,2,No,10,7,No,6,No,2,1
2023,30-39,Both,31.39,30.17,High,4,No,9,7,Yes,5,No,7,2
2023,80+,Both,30.52,28.93,Middle,2,No,7,7,No,2,Yes,7,6
2024,60-69,Both,48.32,59.69,High,4,No,9,5,Yes,7,No,4,7
2020,25-29,Male,5.16,16.24,Middle,2,Yes,10,10,No,3,No,3,1
2020,60-69,Female,9.58,63.2,Low,9,Yes,10,6,Yes,6,No,6,6
2020,25-29,Female,26.0,62.98,Low,1,Yes,10,4,Yes,10,No,8,6
2023,15-19,Both,20.01,47.25,High,2,Yes,6,1,No,3,Yes,8,5
2020,40-49,Male,46.28,59.96,Low,8,Yes,2,9,Yes,9,Yes,10,9
2020,25-29,Both,9.88,42.5,Middle,1,Yes,7,6,Yes,7,Yes,5,9
2022,10-14,Male,12.45,58.8,Middle,6,Yes,10,8,No,2,Yes,1,2
2022,40-49,Both,34.72,59.27,Low,4,No,5,3,No,7,Yes,1,1
2022,10-14,Female,8.67,21.08,Middle,8,Yes,8,5,Yes,1,No,5,4
2020,25-29,Both,23.75,53.21,High,10,No,9,4,No,9,No,3,8
2020,10-14,Both,40.6,57.05,Low,9,No,9,5,No,3,No,2,3
2024,60-69,Female,8.34,38.03,Middle,4,No,8,7,No,3,No,7,4
2022,30-39,Male,23.54,30.41,Middle,10,No,2,1,Yes,10,No,7,8
2022,30-39,Female,16.38,17.93,High,7,Yes,5,4,No,5,Yes,2,3
2024,20-24,Both,46.23,50.43,Middle,3,Yes,7,8,No,10,No,2,9
2022,30-39,Both,43.17,28.5,Low,3,Yes,3,7,No,7,No,4,10
2021,30-39,Both,9.72,54.07,Low,9,Yes,3,9,Yes,9,No,5,8
2020,80+,Both,24.64,26.79,Middle,9,Yes,7,4,Yes,6,Yes,1,4
2024,15-19,Female,17.7,28.28,High,9,Yes,7,8,No,8,No,10,9
2023,50-59,Male,14.42,10.91,Middle,6,Yes,7,8,No,10,No,4,10
2020,60-69,Female,19.89,15.3,Middle,8,No,7,8,No,1,No,5,5
2020,80+,Female,41.43,34.02,Middle,8,No,3,6,Yes,6,No,4,7
2022,60-69,Male,41.82,29.41,Low,10,No,7,10,No,8,Yes,10,10
2023,25-29,Male,23.23,25.38,High,1,Yes,8,7,No,1,No,7,4
2020,20-24,Both,37.16,36.34,High,9,Yes,1,9,No,7,Yes,8,2
2021,15-19,Both,23.97,10.86,Low,10,Yes,3,5,No,5,Yes,8,5
2022,15-19,Male,19.96,48.33,Low,8,No,4,10,Yes,9,No,8,6
2021,70-79,Both,44.02,47.46,Low,8,Yes,1,7,Yes,1,Yes,8,3
2024,10-14,Both,45.92,35.19,Low,6,No,4,9,Yes,7,Yes,4,8
2020,40-49,Both,10.31,67.54,Middle,4,Yes,9,2,No,7,No,7,5
2022,40-49,Female,20.34,41.47,Low,6,No,5,1,No,4,Yes,4,5
2023,25-29,Female,44.85,43.3,Low,3,No,9,6,Yes,8,No,3,8
2020,25-29,Male,16.35,11.65,High,8,Yes,5,2,No,1,No,8,9

